{
  "frontend/vite.config.ts": 1777628317.3223877,
  "frontend/postcss.config.js": 1777628329.7616093,
  "frontend/tailwind.config.js": 1777628326.3495486,
  "frontend/src/App.tsx": 1777644990.7665215,
  "frontend/src/main.tsx": 1777628545.7528563,
  "frontend/src/api/workouts.ts": 1777628359.0141308,
  "frontend/src/api/templates.ts": 1777628372.4683707,
  "frontend/src/api/exercises.ts": 1777628353.0590246,
  "frontend/src/api/client.ts": 1777628347.867932,
  "frontend/src/api/sets.ts": 1777629058.616028,
  "frontend/src/types/index.ts": 1777628343.7598588,
  "frontend/src/pages/CalendarPage.tsx": 1777644977.9074087,
  "frontend/src/pages/ExercisesPage.tsx": 1777629942.74213,
  "frontend/src/pages/WorkoutsPage.tsx": 1777628467.4252338,
  "frontend/src/pages/WorkoutDetailPage.tsx": 1777630484.9459634,
  "frontend/src/pages/TemplatesPage.tsx": 1777628535.2757728,
  "frontend/src/components/WorkoutPopover.tsx": 1777645103.2985084,
  "frontend/src/components/ExercisePicker.tsx": 1777630478.8688755,
  "frontend/src/components/SetFormModal.tsx": 1777628412.437797,
  "frontend/src/components/Layout.tsx": 1777644996.755574,
  "frontend/src/components/WorkoutExerciseBlock.tsx": 1777628440.5470202,
  "frontend/src/components/ExerciseFormModal.tsx": 1777631260.305025,
  "frontend/src/components/ui/Input.tsx": 1777628393.5846472,
  "frontend/src/components/ui/Modal.tsx": 1777628380.4215124,
  "frontend/src/components/ui/Button.tsx": 1777628388.2106044,
  "backend/app/database.py": 1777628066.8639145,
  "backend/app/main.py": 1777628161.8026156,
  "backend/app/__init__.py": 1777628065.1958845,
  "backend/app/schemas/exercise.py": 1777628097.2194602,
  "backend/app/schemas/set.py": 1777628892.0532522,
  "backend/app/schemas/__init__.py": 1777628095.3374264,
  "backend/app/schemas/template.py": 1777628700.643263,
  "backend/app/schemas/workout.py": 1777628898.0583048,
  "backend/app/models/exercise.py": 1777628076.2270827,
  "backend/app/models/set.py": 1777628085.7102532,
  "backend/app/models/workout_exercise.py": 1777628082.0941882,
  "backend/app/models/__init__.py": 1777628073.5330343,
  "backend/app/models/template.py": 1777628089.9093287,
  "backend/app/models/workout.py": 1777628078.969132,
  "backend/app/routers/sets.py": 1777628151.0054233,
  "backend/app/routers/workouts.py": 1777628146.4143414,
  "backend/app/routers/templates.py": 1777628158.7415612,
  "backend/app/routers/exercises.py": 1777628140.2965343,
  "backend/app/routers/__init__.py": 1777628135.9331546,
  "backend/app/crud/exercise.py": 1777628115.452788,
  "backend/app/crud/set.py": 1777628789.1922345,
  "backend/app/crud/__init__.py": 1777628112.4087334,
  "backend/app/crud/template.py": 1777628131.414074,
  "backend/app/crud/workout.py": 1777628121.8559031,
  "README.md": 1777645319.459404,
  "backend/requirements.txt": 1777628030.3502579
}